{
  "configuration": {
    "default_parameters": {
      "absolute_regularization": 0.01,
      "covariance_mode": 0,
      "gaussians": 1,
      "hierarchical": true,
      "regression_estimator": 0,
      "relative_regularization": 0.01,
      "states": 4,
      "transition_mode": 1
    },
    "multiClass_regression_estimator": 0,
    "multithreading": 2
  },
  "exit_transition": [
    0.1,
    0.1
  ],
  "models": [
    {
      "exitProbabilities": [
        0,
        0,
        0,
        0.10000000149011612
      ],
      "label": "nage",
      "parameters": {
        "absolute_regularization": 0.01,
        "covariance_mode": 0,
        "gaussians": 1,
        "hierarchical": true,
        "regression_estimator": 0,
        "relative_regularization": 0.01,
        "states": 4,
        "transition_mode": 1
      },
      "states": [
        {
          "components": [
            {
              "bimodal": false,
              "covariance": [
                0.7570116130581629,
                0.9401333830541247,
                0.051759566461192986,
                0.9401333830541247,
                4.867455721880484,
                0.28816115829128675,
                0.051759566461192986,
                0.28816115829128675,
                0.809429672677348
              ],
              "covariance_determinant": 2.2192513962820497,
              "covariance_determinant_input": 0,
              "covariance_mode": 0,
              "dimension": 3,
              "dimension_input": 0,
              "inverse_covariance": [
                1.7378951501604714,
                -0.3361749647400549,
                0.008549066008195652,
                -0.336174964740055,
                0.27489837810733286,
                -0.07636829573258484,
                0.008549066008195652,
                -0.07636829573258484,
                1.2620786154599166
              ],
              "inverse_covariance_input": [],
              "mean": [
                -9.52566825161052,
                -2.7655831292740736,
                -3.305686694780791
              ]
            }
          ],
          "label": "",
          "mixture_coeffs": [
            1
          ],
          "parameters": {
            "absolute_regularization": 0.01,
            "covariance_mode": 0,
            "gaussians": 1,
            "relative_regularization": 0.01
          }
        },
        {
          "components": [
            {
              "bimodal": false,
              "covariance": [
                13.798301821326552,
                10.84549896525067,
                -3.398501514061025,
                10.84549896525067,
                15.476205719457921,
                -0.4781311624806074,
                -3.398501514061025,
                -0.4781311624806074,
                18.075238295569086
              ],
              "covariance_determinant": 1587.1307168127482,
              "covariance_determinant_input": 0,
              "covariance_mode": 0,
              "dimension": 3,
              "dimension_input": 0,
              "inverse_covariance": [
                0.1761086808547306,
                -0.12249151673030123,
                0.029871728295177116,
                -0.1224915167303012,
                0.14986653489464918,
                -0.019066511815001793,
                0.029871728295177122,
                -0.019066511815001796,
                0.06043642703443697
              ],
              "inverse_covariance_input": [],
              "mean": [
                -3.0773471626422357,
                0.6076231204165027,
                9.553021845675769
              ]
            }
          ],
          "label": "",
          "mixture_coeffs": [
            1
          ],
          "parameters": {
            "absolute_regularization": 0.01,
            "covariance_mode": 0,
            "gaussians": 1,
            "relative_regularization": 0.01
          }
        },
        {
          "components": [
            {
              "bimodal": false,
              "covariance": [
                6.567725376315675,
                4.819895490082837,
                4.187376805180454,
                4.819895490082837,
                4.606497344975763,
                1.7337275084835848,
                4.187376805180454,
                1.7337275084835848,
                10.971075176861934
              ],
              "covariance_determinant": 46.51828209754423,
              "covariance_determinant_input": 0,
              "covariance_mode": 0,
              "dimension": 3,
              "dimension_input": 0,
              "inverse_covariance": [
                1.021800794371566,
                -0.9806825048940806,
                -0.23502060358504567,
                -0.9806825048940804,
                1.1720313364464952,
                0.18908850518250156,
                -0.23502060358504567,
                0.18908850518250156,
                0.1509689665340838
              ],
              "inverse_covariance_input": [],
              "mean": [
                -3.5843639101804645,
                5.6134993578627075,
                8.218986045718928
              ]
            }
          ],
          "label": "",
          "mixture_coeffs": [
            1
          ],
          "parameters": {
            "absolute_regularization": 0.01,
            "covariance_mode": 0,
            "gaussians": 1,
            "relative_regularization": 0.01
          }
        },
        {
          "components": [
            {
              "bimodal": false,
              "covariance": [
                2.8699888046206876,
                1.6692748405537485,
                0.2382677180639194,
                1.6692748405537485,
                1.5820423388016767,
                1.1253004906012516,
                0.2382677180639194,
                1.1253004906012516,
                13.830323859083972
              ],
              "covariance_determinant": 21.42896428619689,
              "covariance_determinant_input": 0,
              "covariance_mode": 0,
              "dimension": 3,
              "dimension_input": 0,
              "inverse_covariance": [
                0.9619623438142781,
                -1.0648432919992068,
                0.07006807044070883,
                -1.0648432919992068,
                1.8496509026294345,
                -0.13215130068622138,
                0.07006807044070883,
                -0.13215130068622138,
                0.08185021376048426
              ],
              "inverse_covariance_input": [],
              "mean": [
                -9.312228357246788,
                -1.1061415728437922,
                -1.2492627255116453
              ]
            }
          ],
          "label": "",
          "mixture_coeffs": [
            1
          ],
          "parameters": {
            "absolute_regularization": 0.01,
            "covariance_mode": 0,
            "gaussians": 1,
            "relative_regularization": 0.01
          }
        }
      ],
      "transition": [
        0.971426784992218,
        0.02857320010662079,
        0.973041832447052,
        0.0269581601023674,
        0.9598695635795593,
        0.04013045132160187,
        1,
        0
      ]
    },
    {
      "exitProbabilities": [
        0,
        0,
        0,
        0.10000000149011612
      ],
      "label": "vent",
      "parameters": {
        "absolute_regularization": 0.01,
        "covariance_mode": 0,
        "gaussians": 1,
        "hierarchical": true,
        "regression_estimator": 0,
        "relative_regularization": 0.01,
        "states": 4,
        "transition_mode": 1
      },
      "states": [
        {
          "components": [
            {
              "bimodal": false,